<metadata xml:lang="en"><Esri><CreaDate>20121207</CreaDate><CreaTime>07513800</CreaTime><SyncOnce>FALSE</SyncOnce><DataProperties><lineage><Process ToolSource="\\coacd.org\gis\Data_Services\Projects\Tools\SDE_Update_Model\SDE_Update.tbx\GISDMUpdateWrapper" Date="20161215" Time="092212">GISDMUpdateWrapper \\coacd.org\gis\SDE_Connection_Files\Admin\Data_Mart\GISDM\GISDM-Boundaries.sde\BOUNDARIES.jurisdictions meekss_2016_1215_jurisdictions jurisdictions \\coacd.org\gis\SDE_Connection_Files\Admin\Maintenance\GISMAINT1\GISMAINT1-BASE_ADMIN.sde\BASE_ADMIN.jurisdictions "JURISDICTIONS_ID "JURISDICTIONS_ID" true true false 4 Long 0 10 ,First,#,\\coacd.org\gis\SDE_Connection_Files\Admin\Maintenance\GISMAINT1\GISMAINT1-BASE_ADMIN.sde\BASE_ADMIN.jurisdictions,JURISDICTIONS_ID,-1,-1;CITY_NAME "CITY_NAME" true true false 30 Text 0 0 ,First,#,\\coacd.org\gis\SDE_Connection_Files\Admin\Maintenance\GISMAINT1\GISMAINT1-BASE_ADMIN.sde\BASE_ADMIN.jurisdictions,CITY_NAME,-1,-1;JURISDICTION_LABEL "JURISDICTION_LABEL" true true false 50 Text 0 0 ,First,#,\\coacd.org\gis\SDE_Connection_Files\Admin\Maintenance\GISMAINT1\GISMAINT1-BASE_ADMIN.sde\BASE_ADMIN.jurisdictions,JURISDICTION_LABEL,-1,-1;MODIFIED_FIPS "MODIFIED_FIPS" true true false 4 Long 0 10 ,First,#,\\coacd.org\gis\SDE_Connection_Files\Admin\Maintenance\GISMAINT1\GISMAINT1-BASE_ADMIN.sde\BASE_ADMIN.jurisdictions,MODIFIED_FIPS,-1,-1;JURISDICTION_TYPE_SPECIFICS "JURISDICTION_TYPE_SPECIFICS" true true false 60 Text 0 0 ,First,#,\\coacd.org\gis\SDE_Connection_Files\Admin\Maintenance\GISMAINT1\GISMAINT1-BASE_ADMIN.sde\BASE_ADMIN.jurisdictions,JURISDICTION_TYPE_SPECIFICS,-1,-1;JURISDICTION_TYPE "JURISDICTION_TYPE" true true false 20 Text 0 0 ,First,#,\\coacd.org\gis\SDE_Connection_Files\Admin\Maintenance\GISMAINT1\GISMAINT1-BASE_ADMIN.sde\BASE_ADMIN.jurisdictions,JURISDICTION_TYPE,-1,-1;CREATED_BY "CREATED_BY" true true false 25 Text 0 0 ,First,#,\\coacd.org\gis\SDE_Connection_Files\Admin\Maintenance\GISMAINT1\GISMAINT1-BASE_ADMIN.sde\BASE_ADMIN.jurisdictions,CREATED_BY,-1,-1;CREATED_DATE "CREATED_DATE" true true false 36 Date 0 0 ,First,#,\\coacd.org\gis\SDE_Connection_Files\Admin\Maintenance\GISMAINT1\GISMAINT1-BASE_ADMIN.sde\BASE_ADMIN.jurisdictions,CREATED_DATE,-1,-1;MODIFIED_BY "MODIFIED_BY" true true false 36 Text 0 0 ,First,#,\\coacd.org\gis\SDE_Connection_Files\Admin\Maintenance\GISMAINT1\GISMAINT1-BASE_ADMIN.sde\BASE_ADMIN.jurisdictions,MODIFIED_BY,-1,-1;MODIFIED_DATE "MODIFIED_DATE" true true false 36 Date 0 0 ,First,#,\\coacd.org\gis\SDE_Connection_Files\Admin\Maintenance\GISMAINT1\GISMAINT1-BASE_ADMIN.sde\BASE_ADMIN.jurisdictions,MODIFIED_DATE,-1,-1;SHAPE_AREA "SHAPE_AREA" false false true 0 Double 0 0 ,First,#;SHAPE_LEN "SHAPE_LEN" false false true 0 Double 0 0 ,First,#" # false</Process><Process ToolSource="c:\program files (x86)\arcgis\desktop10.4\ArcToolbox\Toolboxes\Data Management Tools.tbx\CalculateField" Date="20161228" Time="092437">CalculateField "Editing Feature Classes\deficientparklandarea_20161228" ZONE_TYPE "Land" VB #</Process><Process ToolSource="c:\program files (x86)\arcgis\desktop10.4\ArcToolbox\Toolboxes\Data Management Tools.tbx\CalculateField" Date="20161228" Time="092712">CalculateField "Editing Feature Classes\deficientparklandarea_20161228" PARK_DEFICIENT_ID [OBJECTID] VB #</Process><Process ToolSource="c:\program files (x86)\arcgis\desktop10.4\ArcToolbox\Toolboxes\Analysis Tools.tbx\SpatialJoin" Date="20161228" Time="093258">SpatialJoin "Editing Feature Classes\deficientparklandarea_20161228" "Parks\PARD Planning Areas" P:\JackieChuter\GIS\FeatureData\pard_planning_admin_editing.gdb\Oct2016\deficientparklandarea_20161228a JOIN_ONE_TO_ONE KEEP_ALL "JURISDICTIONS_ID "JURISDICTIONS_ID" true true false 4 Long 0 0 ,First,#,Editing Feature Classes\deficientparklandarea_20161228,JURISDICTIONS_ID,-1,-1;CITY_NAME "CITY_NAME" true true false 30 Text 0 0 ,First,#,Editing Feature Classes\deficientparklandarea_20161228,CITY_NAME,-1,-1;JURISDICTION_LABEL "JURISDICTION_LABEL" true true false 50 Text 0 0 ,First,#,Editing Feature Classes\deficientparklandarea_20161228,JURISDICTION_LABEL,-1,-1;JURISDICTION_TYPE_SPECIFICS "JURISDICTION_TYPE_SPECIFICS" true true false 60 Text 0 0 ,First,#,Editing Feature Classes\deficientparklandarea_20161228,JURISDICTION_TYPE_SPECIFICS,-1,-1;JURISDICTION_TYPE "JURISDICTION_TYPE" true true false 20 Text 0 0 ,First,#,Editing Feature Classes\deficientparklandarea_20161228,JURISDICTION_TYPE,-1,-1;CREATED_BY "CREATED_BY" true true false 25 Text 0 0 ,First,#,Editing Feature Classes\deficientparklandarea_20161228,CREATED_BY,-1,-1;CREATED_DATE "CREATED_DATE" true true false 8 Date 0 0 ,First,#,Editing Feature Classes\deficientparklandarea_20161228,CREATED_DATE,-1,-1;MODIFIED_BY "MODIFIED_BY" true true false 36 Text 0 0 ,First,#,Editing Feature Classes\deficientparklandarea_20161228,MODIFIED_BY,-1,-1;MODIFIED_DATE "MODIFIED_DATE" true true false 8 Date 0 0 ,First,#,Editing Feature Classes\deficientparklandarea_20161228,MODIFIED_DATE,-1,-1;SHAPE_Length "SHAPE_Length" false true true 8 Double 0 0 ,First,#,Editing Feature Classes\deficientparklandarea_20161228,SHAPE_Length,-1,-1;SHAPE_Area "SHAPE_Area" false true true 8 Double 0 0 ,First,#,Editing Feature Classes\deficientparklandarea_20161228,SHAPE_Area,-1,-1;COMMENTS "COMMENTS" true true false 100 Text 0 0 ,First,#,Editing Feature Classes\deficientparklandarea_20161228,COMMENTS,-1,-1;PARD_PLANNING_AREA "PARD_PLANNING_AREA" true true false 2 Short 0 0 ,First,#,Editing Feature Classes\deficientparklandarea_20161228,PARD_PLANNING_AREA,-1,-1;PARK_DEFICIENT_ID "PARK_DEFICIENT_ID" true true false 4 Long 0 0 ,First,#,Editing Feature Classes\deficientparklandarea_20161228,PARK_DEFICIENT_ID,-1,-1;ZONE_TYPE "ZONE_TYPE" true true false 50 Text 0 0 ,First,#,Editing Feature Classes\deficientparklandarea_20161228,ZONE_TYPE,-1,-1;PLD_ZONE "PLD_ZONE" true true false 2 Short 0 0 ,First,#,Editing Feature Classes\deficientparklandarea_20161228,PLD_ZONE,-1,-1;PLANNING_AREA "PLANNING_AREA" true true false 2 Short 0 5 ,First,#,Parks\PARD Planning Areas,PLANNING_AREA,-1,-1;CREATED_BY_1 "CREATED_BY_1" true true false 10 Text 0 0 ,First,#,Parks\PARD Planning Areas,CREATED_BY,-1,-1;CREATED_DATE_1 "CREATED_DATE_1" true true false 8 Date 0 0 ,First,#,Parks\PARD Planning Areas,CREATED_DATE,-1,-1;MODIFIED_BY_1 "MODIFIED_BY_1" true true false 10 Text 0 0 ,First,#,Parks\PARD Planning Areas,MODIFIED_BY,-1,-1;MODIFIED_DATE_1 "MODIFIED_DATE_1" true true false 8 Date 0 0 ,First,#,Parks\PARD Planning Areas,MODIFIED_DATE,-1,-1;SHAPE_AREA_1 "SHAPE_AREA_1" false true true 0 Double 0 0 ,First,#,Parks\PARD Planning Areas,SHAPE.AREA,-1,-1;SHAPE_LEN "SHAPE_LEN" false true true 0 Double 0 0 ,First,#,Parks\PARD Planning Areas,SHAPE.LEN,-1,-1" CLOSEST # #</Process><Process ToolSource="c:\program files (x86)\arcgis\desktop10.4\ArcToolbox\Toolboxes\Analysis Tools.tbx\SpatialJoin" Date="20161228" Time="094859">SpatialJoin "Editing Feature Classes\deficientparklandarea_20161228a" Parks\parkland_dedication_zones P:\JackieChuter\GIS\FeatureData\pard_planning_admin_editing.gdb\Oct2016\deficientparklandarea_20161228b JOIN_ONE_TO_ONE KEEP_ALL "Join_Count "Join_Count" true true false 4 Long 0 0 ,First,#,Editing Feature Classes\deficientparklandarea_20161228a,Join_Count,-1,-1;TARGET_FID "TARGET_FID" true true false 4 Long 0 0 ,First,#,Editing Feature Classes\deficientparklandarea_20161228a,TARGET_FID,-1,-1;JURISDICTIONS_ID "JURISDICTIONS_ID" true true false 4 Long 0 0 ,First,#,Editing Feature Classes\deficientparklandarea_20161228a,JURISDICTIONS_ID,-1,-1;CITY_NAME "CITY_NAME" true true false 30 Text 0 0 ,First,#,Editing Feature Classes\deficientparklandarea_20161228a,CITY_NAME,-1,-1;JURISDICTION_LABEL "JURISDICTION_LABEL" true true false 50 Text 0 0 ,First,#,Editing Feature Classes\deficientparklandarea_20161228a,JURISDICTION_LABEL,-1,-1;JURISDICTION_TYPE_SPECIFICS "JURISDICTION_TYPE_SPECIFICS" true true false 60 Text 0 0 ,First,#,Editing Feature Classes\deficientparklandarea_20161228a,JURISDICTION_TYPE_SPECIFICS,-1,-1;JURISDICTION_TYPE "JURISDICTION_TYPE" true true false 20 Text 0 0 ,First,#,Editing Feature Classes\deficientparklandarea_20161228a,JURISDICTION_TYPE,-1,-1;CREATED_BY "CREATED_BY" true true false 25 Text 0 0 ,First,#,Editing Feature Classes\deficientparklandarea_20161228a,CREATED_BY,-1,-1;CREATED_DATE "CREATED_DATE" true true false 8 Date 0 0 ,First,#,Editing Feature Classes\deficientparklandarea_20161228a,CREATED_DATE,-1,-1;MODIFIED_BY "MODIFIED_BY" true true false 36 Text 0 0 ,First,#,Editing Feature Classes\deficientparklandarea_20161228a,MODIFIED_BY,-1,-1;MODIFIED_DATE "MODIFIED_DATE" true true false 8 Date 0 0 ,First,#,Editing Feature Classes\deficientparklandarea_20161228a,MODIFIED_DATE,-1,-1;COMMENTS "COMMENTS" true true false 100 Text 0 0 ,First,#,Editing Feature Classes\deficientparklandarea_20161228a,COMMENTS,-1,-1;PARD_PLANNING_AREA "PARD_PLANNING_AREA" true true false 2 Short 0 0 ,First,#,Editing Feature Classes\deficientparklandarea_20161228a,PARD_PLANNING_AREA,-1,-1;PARK_DEFICIENT_ID "PARK_DEFICIENT_ID" true true false 4 Long 0 0 ,First,#,Editing Feature Classes\deficientparklandarea_20161228a,PARK_DEFICIENT_ID,-1,-1;ZONE_TYPE "ZONE_TYPE" true true false 50 Text 0 0 ,First,#,Editing Feature Classes\deficientparklandarea_20161228a,ZONE_TYPE,-1,-1;PLD_ZONE "PLD_ZONE" true true false 2 Short 0 0 ,First,#,Editing Feature Classes\deficientparklandarea_20161228a,PLD_ZONE,-1,-1;PLANNING_AREA "PLANNING_AREA" true true false 2 Short 0 0 ,First,#,Editing Feature Classes\deficientparklandarea_20161228a,PLANNING_AREA,-1,-1;CREATED_BY_1 "CREATED_BY_1" true true false 10 Text 0 0 ,First,#,Editing Feature Classes\deficientparklandarea_20161228a,CREATED_BY_1,-1,-1;CREATED_DATE_1 "CREATED_DATE_1" true true false 8 Date 0 0 ,First,#,Editing Feature Classes\deficientparklandarea_20161228a,CREATED_DATE_1,-1,-1;MODIFIED_BY_1 "MODIFIED_BY_1" true true false 10 Text 0 0 ,First,#,Editing Feature Classes\deficientparklandarea_20161228a,MODIFIED_BY_1,-1,-1;MODIFIED_DATE_1 "MODIFIED_DATE_1" true true false 8 Date 0 0 ,First,#,Editing Feature Classes\deficientparklandarea_20161228a,MODIFIED_DATE_1,-1,-1;SHAPE_AREA_1 "SHAPE_AREA_1" true true false 8 Double 0 0 ,First,#,Editing Feature Classes\deficientparklandarea_20161228a,SHAPE_AREA_1,-1,-1;SHAPE_Length "SHAPE_Length" false true true 8 Double 0 0 ,First,#,Editing Feature Classes\deficientparklandarea_20161228a,SHAPE_Length,-1,-1;SHAPE_Area "SHAPE_Area" false true true 8 Double 0 0 ,First,#,Editing Feature Classes\deficientparklandarea_20161228a,SHAPE_Area,-1,-1;PARKLAND_DEDICATION_ZONE "PARKLAND_DEDICATION_ZONE" true true false 2 Short 0 5 ,First,#,Parks\parkland_dedication_zones,PARKLAND_DEDICATION_ZONE,-1,-1;CITY_NAME_1 "CITY_NAME_1" true true false 50 Text 0 0 ,First,#,Parks\parkland_dedication_zones,CITY_NAME,-1,-1;JURISDICTION_TYPE_1 "JURISDICTION_TYPE" true true false 50 Text 0 0 ,First,#,Parks\parkland_dedication_zones,JURISDICTION_TYPE,-1,-1;SHAPE_AREA_12 "SHAPE_AREA_12" false true true 0 Double 0 0 ,First,#,Parks\parkland_dedication_zones,SHAPE.AREA,-1,-1;SHAPE_LEN "SHAPE_LEN" false true true 0 Double 0 0 ,First,#,Parks\parkland_dedication_zones,SHAPE.LEN,-1,-1" CLOSEST # #</Process><Process ToolSource="c:\program files (x86)\arcgis\desktop10.4\ArcToolbox\Toolboxes\Data Management Tools.tbx\CalculateField" Date="20161228" Time="095903">CalculateField "Editing Feature Classes\deficientparklandarea_20161228b" PLD_ZONE [PARKLAND_DEDICATION_ZONE] VB #</Process><Process ToolSource="c:\program files (x86)\arcgis\desktop10.4\ArcToolbox\Toolboxes\Data Management Tools.tbx\CalculateField" Date="20161228" Time="095927">CalculateField "Editing Feature Classes\deficientparklandarea_20161228b" PARD_PLANNING_AREA [PLANNING_AREA] VB #</Process><Process ToolSource="c:\program files (x86)\arcgis\desktop10.4\ArcToolbox\Toolboxes\Data Management Tools.tbx\CalculateField" Date="20170131" Time="155825">CalculateField "Editing Feature Classes\deficientparklandarea_20161228d" COUNCIL_DISTRICT 0 VB #</Process><Process ToolSource="c:\program files (x86)\arcgis\desktop10.4\ArcToolbox\Toolboxes\Data Management Tools.tbx\CalculateField" Date="20170203" Time="150329">CalculateField deficientparklandarea_20170203 CITY_NAME_1 "CITY OF AUSTIN" VB #</Process><Process ToolSource="c:\program files (x86)\arcgis\desktop10.4\ArcToolbox\Toolboxes\Data Management Tools.tbx\CalculateField" Date="20170203" Time="150405">CalculateField deficientparklandarea_20170203 JURISDICTION_LABEL_1 "AUSTIN FULL PURPOSE" VB #</Process></lineage><itemProps><itemName Sync="TRUE">parkdef_20170203_coalpfp</itemName><imsContentType Sync="TRUE">002</imsContentType><itemLocation><linkage Sync="TRUE">file://\\coacd.org\dfs\PARD\PLANNING\GIS_Data\PARD_Planning\Temp\parkdef_20170203_coalpfp.shp</linkage><protocol Sync="TRUE">Local Area Network</protocol></itemLocation><nativeExtBox><westBL Sync="TRUE">3052056.999926</westBL><eastBL Sync="TRUE">3181932.767405</eastBL><southBL Sync="TRUE">10000437.999997</southBL><northBL Sync="TRUE">10160915.555682</northBL><exTypeCode Sync="TRUE">1</exTypeCode></nativeExtBox><itemSize Sync="TRUE">0.000</itemSize></itemProps><coordRef><type Sync="TRUE">Projected</type><geogcsn Sync="TRUE">GCS_North_American_1983</geogcsn><projcsn Sync="TRUE">NAD_1983_StatePlane_Texas_Central_FIPS_4203_Feet</projcsn><peXml Sync="TRUE">&lt;ProjectedCoordinateSystem xsi:type='typens:ProjectedCoordinateSystem' xmlns:xsi='http://www.w3.org/2001/XMLSchema-instance' xmlns:xs='http://www.w3.org/2001/XMLSchema' xmlns:typens='http://www.esri.com/schemas/ArcGIS/10.4'&gt;&lt;WKT&gt;PROJCS[&amp;quot;NAD_1983_StatePlane_Texas_Central_FIPS_4203_Feet&amp;quot;,GEOGCS[&amp;quot;GCS_North_American_1983&amp;quot;,DATUM[&amp;quot;D_North_American_1983&amp;quot;,SPHEROID[&amp;quot;GRS_1980&amp;quot;,6378137.0,298.257222101]],PRIMEM[&amp;quot;Greenwich&amp;quot;,0.0],UNIT[&amp;quot;Degree&amp;quot;,0.0174532925199433]],PROJECTION[&amp;quot;Lambert_Conformal_Conic&amp;quot;],PARAMETER[&amp;quot;False_Easting&amp;quot;,2296583.333333333],PARAMETER[&amp;quot;False_Northing&amp;quot;,9842500.0],PARAMETER[&amp;quot;Central_Meridian&amp;quot;,-100.3333333333333],PARAMETER[&amp;quot;Standard_Parallel_1&amp;quot;,30.11666666666667],PARAMETER[&amp;quot;Standard_Parallel_2&amp;quot;,31.88333333333333],PARAMETER[&amp;quot;Latitude_Of_Origin&amp;quot;,29.66666666666667],UNIT[&amp;quot;Foot_US&amp;quot;,0.3048006096012192],AUTHORITY[&amp;quot;EPSG&amp;quot;,2277]]&lt;/WKT&gt;&lt;XOrigin&gt;-124805500&lt;/XOrigin&gt;&lt;YOrigin&gt;-81923100&lt;/YOrigin&gt;&lt;XYScale&gt;35432942.484959878&lt;/XYScale&gt;&lt;ZOrigin&gt;-100000&lt;/ZOrigin&gt;&lt;ZScale&gt;10000&lt;/ZScale&gt;&lt;MOrigin&gt;-100000&lt;/MOrigin&gt;&lt;MScale&gt;10000&lt;/MScale&gt;&lt;XYTolerance&gt;0.0032808333333333331&lt;/XYTolerance&gt;&lt;ZTolerance&gt;0.001&lt;/ZTolerance&gt;&lt;MTolerance&gt;0.001&lt;/MTolerance&gt;&lt;HighPrecision&gt;true&lt;/HighPrecision&gt;&lt;WKID&gt;102739&lt;/WKID&gt;&lt;LatestWKID&gt;2277&lt;/LatestWKID&gt;&lt;/ProjectedCoordinateSystem&gt;</peXml><csUnits Sync="TRUE">Linear Unit: Foot_US (0.304801)</csUnits></coordRef></DataProperties><SyncDate>20180110</SyncDate><SyncTime>15072500</SyncTime><ModDate>20180110</ModDate><ModTime>15072500</ModTime><PublishStatus>Error publishing</PublishStatus><ArcGISFormat>1.0</ArcGISFormat><ArcGISstyle>FGDC CSDGM Metadata</ArcGISstyle><ArcGISProfile>NAP</ArcGISProfile></Esri><idinfo><native Sync="TRUE">Microsoft Windows XP Version 5.1 (Build 2600) Service Pack 3; ESRI ArcCatalog 9.3.1.4000</native><descript><langdata Sync="TRUE">en</langdata><abstract>This layer represents the jurisdiction and regulatory boundaries of the City of Austin. </abstract><purpose>Delineate jurisdictional boundaries for the City of Austin and surrounding cities relating to Public Safety response area.</purpose></descript><citation><citeinfo><origin>City of Austin</origin><title>BOUNDARIES.jurisdictions</title><ftname Sync="TRUE">BOUNDARIES.jurisdictions</ftname><geoform Sync="TRUE">vector digital data</geoform><pubinfo><publish>City of Austin</publish></pubinfo><onlink>ftp://coageoid01.ci.austin.tx.us/GIS-Data/Regional/coa_gis.html</onlink></citeinfo></citation><timeperd><current>ground condition</current><timeinfo><sngdate><caldate>March 18, 2008</caldate></sngdate></timeinfo></timeperd><status><progress>Complete</progress><update>As needed</update></status><spdom><bounding><westbc Sync="TRUE">-98.177021</westbc><eastbc Sync="TRUE">-97.239793</eastbc><northbc Sync="TRUE">30.779415</northbc><southbc Sync="TRUE">29.913867</southbc></bounding><lboundng><leftbc Sync="TRUE">2979631.389856</leftbc><rightbc Sync="TRUE">3268074.470121</rightbc><bottombc Sync="TRUE">9945801.330071</bottombc><topbc Sync="TRUE">10253881.816928</topbc></lboundng></spdom><keywords><theme><themekt>boundaries</themekt><themekey>boundaries</themekey></theme><place><placekey>Central Texas</placekey></place><stratum><stratkey>Central Texas</stratkey></stratum></keywords><accconst>This file requires the use of GIS software.  </accconst><useconst>This data has been produced by the City of Austin for the sole purpose of aiding regional planning and is not warranted for any other use. No warranty is made by the City regarding its accuracy or completeness.</useconst><natvform Sync="TRUE">SDE Feature Class</natvform><ptcontac><cntinfo><cntperp><cntorg>City of Austin</cntorg></cntperp><cntvoice>512-974-2000</cntvoice></cntinfo></ptcontac><crossref><citeinfo><title>SDE.JURIS</title></citeinfo></crossref><datacred>Acknowledgment of the City of Austin GIS Division would be appreciated in products derived from these data</datacred></idinfo><dataIdInfo><envirDesc Sync="TRUE">Microsoft Windows 7 Version 6.1 (Build 7601) Service Pack 1; Esri ArcGIS 10.4.1.5686</envirDesc><dataLang><languageCode Sync="TRUE" value="eng" country="US"/><countryCode value="eng"/></dataLang><idCitation xmlns=""><resTitle Sync="TRUE">parkdef_20170203_coalpfp</resTitle><presForm xmlns=""><PresFormCd Sync="TRUE" value="005"/></presForm><citRespParty xmlns=""><rpOrgName>CTM - GIS</rpOrgName><rpPosName>GIS SUPPORT</rpPosName><rpCntInfo xmlns=""><cntAddress addressType=""><eMailAdd>desk.ctm-help@austintexas.gov</eMailAdd></cntAddress><cntPhone><voiceNum tddtty="">512-974-HELP</voiceNum></cntPhone></rpCntInfo><role><RoleCd value="002"/></role></citRespParty><otherCitDet>The surrounding cities adjacent to the City of Austin are also included in this layer.  This layer is used for 911 response and considered to be the definition of source for the Austin city limits. </otherCitDet></idCitation><spatRpType><SpatRepTypCd Sync="TRUE" value="001"/></spatRpType><dataExt xmlns=""><geoEle><GeoBndBox esriExtentType="search"><westBL Sync="TRUE">-97.944745</westBL><eastBL Sync="TRUE">-97.521454</eastBL><northBL Sync="TRUE">30.519754</northBL><southBL Sync="TRUE">30.070282</southBL><exTypeCode Sync="TRUE">1</exTypeCode></GeoBndBox></geoEle></dataExt><geoBox esriExtentType="decdegrees"><westBL Sync="TRUE">-98.177021</westBL><eastBL Sync="TRUE">-97.239793</eastBL><northBL Sync="TRUE">30.779415</northBL><southBL Sync="TRUE">29.913867</southBL><exTypeCode Sync="TRUE">1</exTypeCode></geoBox><descKeys><thesaName uuidref="723f6998-058e-11dc-8314-0800200c9a66"/><keyword Sync="TRUE">002</keyword></descKeys><idPurp>Delineate jurisdictional boundaries for the City of Austin and surrounding cities relating to Public Safety response area.</idPurp><idAbs>&lt;DIV STYLE="text-align:Left;"&gt;&lt;DIV&gt;&lt;DIV&gt;&lt;P&gt;&lt;SPAN&gt;This layer represents the jurisdiction and regulatory boundaries of the City of Austin. &lt;/SPAN&gt;&lt;/P&gt;&lt;/DIV&gt;&lt;/DIV&gt;&lt;/DIV&gt;</idAbs><idCredit>Acknowledgment of the City of Austin GIS Division would be appreciated in products derived from these data</idCredit><searchKeys><keyword>Annexation</keyword><keyword>Jurisdiction</keyword><keyword>City Limits</keyword></searchKeys><resConst><Consts><useLimit>This product is for informational purposes and may not have been prepared for or be suitable for legal, engineering, or surveying purposes. It does not represent an on-the-ground survey and represents only the approximate relative location of property boundaries. 

This product has been produced by the Communications and Technology Management Department  for the sole purpose of geographic reference. No warranty is made by the City of Austin regarding specific accuracy or completeness.</useLimit></Consts></resConst><dataChar><CharSetCd value="004"/></dataChar><idStatus><ProgCd value="001"/></idStatus><resMaint xmlns=""><maintFreq><MaintFreqCd value="009"/></maintFreq></resMaint><tpCat><TopicCatCd value="003"/></tpCat></dataIdInfo><metainfo><langmeta Sync="TRUE">en</langmeta><metstdn Sync="TRUE">FGDC Content Standards for Digital Geospatial Metadata</metstdn><metstdv Sync="TRUE">FGDC-STD-001-1998</metstdv><mettc Sync="TRUE">local time</mettc><metc><cntinfo><cntorgp><cntper>GIS COORDINATOR</cntper><cntorg>CITY OF AUSTIN</cntorg></cntorgp></cntinfo></metc><metd Sync="TRUE">20101110</metd></metainfo><mdLang><languageCode Sync="TRUE" value="eng"/><countryCode value="eng"/></mdLang><mdStanName Sync="TRUE">ISO 19115 Geographic Information - Metadata</mdStanName><mdStanVer Sync="TRUE">DIS_ESRI1.0</mdStanVer><mdChar><CharSetCd Sync="TRUE" value="004"/></mdChar><mdHrLv><ScopeCd Sync="TRUE" value="005"/></mdHrLv><mdHrLvName Sync="TRUE">dataset</mdHrLvName><distinfo><resdesc>DOWNLOAD FROM HERE: ftp://coageoid01.ci.austin.tx.us/coa_gis.html</resdesc><distrib><cntinfo><cntperp><cntper>GIS COORDINATOR</cntper><cntorg>REGIONAL MAPPING</cntorg></cntperp><cntpos>CITY OF AUSTIN</cntpos><cntemail>COAGIS@CI.AUSTIN.TX.US</cntemail></cntinfo></distrib><distliab>This data has been produced by the City of Austin for the sole purpose of aiding regional planning and is not warranted for any other use. No warranty is made by the City regarding its accuracy or completeness.</distliab><custom>CONTACT REGIONAL MAPPING COORDINATOR AT 512-974-2764  OR FAX @512-974-2903 

IF A SUBSET IS NEEDED PLEASE SPECIFY THE AREA AND FORMAT (DXF OR SHAPE).  IF DXF NEEDED BE AWARE OF THE COORDINATE SYSTEM USED BY THE CITY OF AUSTIN.  WE DO NOT ANSWER QUESTIONS PERTAINING TO AUTO CAD USE.</custom></distinfo><distInfo><distributor><distorTran><onLineSrc><orDesc Sync="TRUE">002</orDesc><linkage Sync="TRUE">Server=ctmappsdf.ci.austin.tx.us; Service=sde:oracle10g:/;LOCAL=gistest1; User=Boundaries; Version=SDE.DEFAULT</linkage><protocol Sync="TRUE">ArcSDE Connection</protocol></onLineSrc></distorTran><distorFormat><formatName Sync="TRUE">SDE Feature Class</formatName></distorFormat></distributor><distFormat><formatName Sync="TRUE">Shapefile</formatName></distFormat><distTranOps><transSize Sync="TRUE">0.000</transSize></distTranOps></distInfo><spdoinfo><direct Sync="TRUE">Vector</direct><ptvctinf><esriterm Name="parkdef_20170203_coalpfp"><efeatyp Sync="TRUE">Simple</efeatyp><efeageom code="4" Sync="TRUE"></efeageom><esritopo Sync="TRUE">FALSE</esritopo><efeacnt Sync="TRUE">0</efeacnt><spindex Sync="TRUE">FALSE</spindex><linrefer Sync="TRUE">FALSE</linrefer></esriterm></ptvctinf></spdoinfo><spref><horizsys><cordsysn><geogcsn Sync="TRUE">GCS_North_American_1983</geogcsn><projcsn Sync="TRUE">NAD_1983_StatePlane_Texas_Central_FIPS_4203_Feet</projcsn></cordsysn><planar><planci><plance Sync="TRUE">coordinate pair</plance><plandu Sync="TRUE">survey feet</plandu><coordrep><absres Sync="TRUE">0.000328</absres><ordres Sync="TRUE">0.000328</ordres></coordrep></planci></planar><geodetic><horizdn Sync="TRUE">North American Datum of 1983</horizdn><ellips Sync="TRUE">Geodetic Reference System 80</ellips><semiaxis Sync="TRUE">6378137.000000</semiaxis><denflat Sync="TRUE">298.257222</denflat></geodetic></horizsys><vertdef><altsys><altenc Sync="TRUE">Explicit elevation coordinate included with horizontal coordinates</altenc><altres Sync="TRUE">1.000000</altres></altsys></vertdef></spref><refSysInfo><RefSystem><refSysID><identCode Sync="TRUE" code="2277" value="2277">NAD_1983_StatePlane_Texas_Central_FIPS_4203_Feet</identCode><idCodeSpace Sync="TRUE">EPSG</idCodeSpace><idVersion Sync="TRUE">5.3(9.0.0)</idVersion></refSysID></RefSystem></refSysInfo><spatRepInfo><VectSpatRep><geometObjs Name="parkdef_20170203_coalpfp"><geoObjTyp><GeoObjTypCd value="002" Sync="TRUE"></GeoObjTypCd></geoObjTyp><geoObjCnt Sync="TRUE">0</geoObjCnt></geometObjs><topLvl><TopoLevCd value="001" Sync="TRUE"></TopoLevCd></topLvl></VectSpatRep></spatRepInfo><eainfo><detailed Name="parkdef_20170203_coalpfp" xmlns=""><enttyp><enttypl>Jurisdictions</enttypl><enttypt Sync="TRUE">Feature Class</enttypt><enttypc Sync="TRUE">0</enttypc><enttypd>NAME OF CITY</enttypd></enttyp><attr><attrlabl Sync="TRUE">FID</attrlabl><attalias Sync="TRUE">FID</attalias><attrtype Sync="TRUE">OID</attrtype><attwidth Sync="TRUE">4</attwidth><atprecis Sync="TRUE">0</atprecis><attscale Sync="TRUE">0</attscale><attrdef Sync="TRUE">Internal feature number.</attrdef><attrdefs Sync="TRUE">Esri</attrdefs><attrdomv><udom Sync="TRUE">Sequential unique whole numbers that are automatically generated.</udom></attrdomv></attr><attr xmlns=""><attrlabl Sync="TRUE">CREATED_BY</attrlabl><attalias Sync="TRUE">CREATED_BY</attalias><attrtype Sync="TRUE">String</attrtype><attwidth Sync="TRUE">25</attwidth><atprecis Sync="TRUE">0</atprecis><attscale Sync="TRUE">0</attscale></attr><attr xmlns=""><attrlabl Sync="TRUE">SHAPE</attrlabl><attalias Sync="TRUE">Shape</attalias><attrtype Sync="TRUE">Geometry</attrtype><attwidth Sync="TRUE">0</attwidth><atprecis Sync="TRUE">0</atprecis><attscale Sync="TRUE">0</attscale><attrdef Sync="TRUE">Feature geometry.</attrdef><attrdefs Sync="TRUE">ESRI</attrdefs><attrdomv><udom Sync="TRUE">Coordinates defining the features.</udom></attrdomv></attr><attr><attrlabl Sync="TRUE">CREATED_DA</attrlabl><attalias Sync="TRUE">CREATED_DA</attalias><attrtype Sync="TRUE">Date</attrtype><attwidth Sync="TRUE">8</attwidth><atprecis Sync="TRUE">0</atprecis><attscale Sync="TRUE">0</attscale></attr><attr><attrlabl Sync="TRUE">MODIFIED_B</attrlabl><attalias Sync="TRUE">MODIFIED_B</attalias><attrtype Sync="TRUE">String</attrtype><attwidth Sync="TRUE">36</attwidth><atprecis Sync="TRUE">0</atprecis><attscale Sync="TRUE">0</attscale></attr><attr><attrlabl Sync="TRUE">MODIFIED_D</attrlabl><attalias Sync="TRUE">MODIFIED_D</attalias><attrtype Sync="TRUE">Date</attrtype><attwidth Sync="TRUE">8</attwidth><atprecis Sync="TRUE">0</atprecis><attscale Sync="TRUE">0</attscale></attr><attr><attrlabl Sync="TRUE">COMMENTS</attrlabl><attalias Sync="TRUE">COMMENTS</attalias><attrtype Sync="TRUE">String</attrtype><attwidth Sync="TRUE">100</attwidth><atprecis Sync="TRUE">0</atprecis><attscale Sync="TRUE">0</attscale></attr><attr><attrlabl Sync="TRUE">PARD_PLANN</attrlabl><attalias Sync="TRUE">PARD_PLANN</attalias><attrtype Sync="TRUE">Integer</attrtype><attwidth Sync="TRUE">5</attwidth><atprecis Sync="TRUE">5</atprecis><attscale Sync="TRUE">0</attscale></attr><attr><attrlabl Sync="TRUE">PARK_DEFIC</attrlabl><attalias Sync="TRUE">PARK_DEFIC</attalias><attrtype Sync="TRUE">Integer</attrtype><attwidth Sync="TRUE">10</attwidth><atprecis Sync="TRUE">10</atprecis><attscale Sync="TRUE">0</attscale></attr><attr><attrlabl Sync="TRUE">ZONE_TYPE</attrlabl><attalias Sync="TRUE">ZONE_TYPE</attalias><attrtype Sync="TRUE">String</attrtype><attwidth Sync="TRUE">50</attwidth><atprecis Sync="TRUE">0</atprecis><attscale Sync="TRUE">0</attscale></attr><attr><attrlabl Sync="TRUE">PLD_ZONE</attrlabl><attalias Sync="TRUE">PLD_ZONE</attalias><attrtype Sync="TRUE">Integer</attrtype><attwidth Sync="TRUE">5</attwidth><atprecis Sync="TRUE">5</atprecis><attscale Sync="TRUE">0</attscale></attr><attr><attrlabl Sync="TRUE">COUNCIL_DI</attrlabl><attalias Sync="TRUE">COUNCIL_DI</attalias><attrtype Sync="TRUE">Integer</attrtype><attwidth Sync="TRUE">5</attwidth><atprecis Sync="TRUE">5</atprecis><attscale Sync="TRUE">0</attscale></attr><attr><attrlabl Sync="TRUE">CITY_NAME_</attrlabl><attalias Sync="TRUE">CITY_NAME_</attalias><attrtype Sync="TRUE">String</attrtype><attwidth Sync="TRUE">30</attwidth><atprecis Sync="TRUE">0</atprecis><attscale Sync="TRUE">0</attscale></attr><attr><attrlabl Sync="TRUE">JURISDICTI</attrlabl><attalias Sync="TRUE">JURISDICTI</attalias><attrtype Sync="TRUE">String</attrtype><attwidth Sync="TRUE">50</attwidth><atprecis Sync="TRUE">0</atprecis><attscale Sync="TRUE">0</attscale></attr><attr><attrlabl Sync="TRUE">JURISDIC_1</attrlabl><attalias Sync="TRUE">JURISDIC_1</attalias><attrtype Sync="TRUE">String</attrtype><attwidth Sync="TRUE">20</attwidth><atprecis Sync="TRUE">0</atprecis><attscale Sync="TRUE">0</attscale></attr><attr><attrlabl Sync="TRUE">SHAPE_Leng</attrlabl><attalias Sync="TRUE">SHAPE_Leng</attalias><attrtype Sync="TRUE">Double</attrtype><attwidth Sync="TRUE">19</attwidth><atprecis Sync="TRUE">0</atprecis><attscale Sync="TRUE">0</attscale></attr><attr><attrlabl Sync="TRUE">SHAPE_Area</attrlabl><attalias Sync="TRUE">SHAPE_Area</attalias><attrtype Sync="TRUE">Double</attrtype><attwidth Sync="TRUE">19</attwidth><atprecis Sync="TRUE">0</atprecis><attscale Sync="TRUE">0</attscale><attrdef Sync="TRUE">Area of feature in internal units squared.</attrdef><attrdefs Sync="TRUE">Esri</attrdefs><attrdomv><udom Sync="TRUE">Positive real numbers that are automatically generated.</udom></attrdomv></attr><attr><attrlabl Sync="TRUE">ACRES</attrlabl><attalias Sync="TRUE">ACRES</attalias><attrtype Sync="TRUE">Double</attrtype><attwidth Sync="TRUE">19</attwidth><atprecis Sync="TRUE">0</atprecis><attscale Sync="TRUE">0</attscale></attr></detailed></eainfo><mdDateSt Sync="TRUE">20180110</mdDateSt><dataqual><lineage><srcinfo><srccontr>
City of Austin - Communicationis Technology Management - GIS Division -  Regional Mapping </srccontr></srcinfo></lineage><complete>Error can be introduced by: digitizing methods, source material, generalization, symbol interpretation, the specifications of aerial photography, aerotriangulation technique, ground control reliability, photogrammetric characteristics, scribing precision, resolution, processing algorithms and printing limitations</complete></dataqual><mdFileID Sync="TRUE">{03A68D6B-23D7-434B-9E4B-B889547FC676}</mdFileID><mdContact><rpOrgName>CTM - GIS</rpOrgName><rpCntInfo xmlns=""><cntPhone><voiceNum>512-974-HELP</voiceNum></cntPhone></rpCntInfo><role><RoleCd value="002"/></role></mdContact><mdMaint xmlns=""><maintFreq><MaintFreqCd value="009"/></maintFreq></mdMaint></metadata>
